ID,Label
ID_sQaPRMWO,0
ID_TanclvfR,0
ID_CNbveyvk,0
ID_MclKMhyP,0
ID_rNrmXOGD,0
ID_DUamJMpj,0
ID_tmrojzuW,0
ID_iPNQDyvG,0
ID_wzHUhldy,0
ID_khgBKEOc,0
ID_uiuetMCq,0
ID_EmJPzNDP,0
ID_yAfbGWkd,0
ID_eVApiFho,0
ID_FgGkHaEF,0
ID_YdTnzXtK,0
ID_tweFxSFy,0
ID_zIgwtvGj,0
ID_PorNKlIX,0
ID_aoLpuvJR,0
ID_FFadwznf,0
ID_KiNTyfWU,0
ID_QcFxAfPr,0
ID_zCAXhuXR,0
ID_XOcdYOGH,0
ID_kOIKAGGq,0
ID_bGbndqcI,0
ID_xwknnGqq,0
ID_YteIqBhn,0
ID_yuKPTDnK,0
ID_IhbgeOud,0
ID_padldKQh,0
ID_tPdscofA,0
ID_tOQLbiJb,0
ID_IIADkcql,0
ID_WLzItPlz,0
ID_FNWRqPeU,0
ID_ddcwZQBK,0
ID_CLFkuAHT,0
ID_ixLcdBaj,0
ID_qhUCDvHo,0
ID_rczRHtLP,0
ID_TVZujVCn,0
ID_JDxgCvbS,0
ID_eDFJDedq,0
ID_obZAXGDj,0
ID_QJBziUDu,0
ID_QEYsaBRz,0
ID_XTPBHoeT,0
ID_DceQPvFY,0
ID_jsfnbbTP,0
ID_VQXUAxNz,0
ID_pBOZOMxp,0
ID_RUSykQAH,0
ID_PRmneDQV,0
ID_iuBoGzNS,0
ID_xwCEXqpz,0
ID_quXFRPkA,0
ID_nJOjxdgR,0
ID_dqeRIKlH,0
ID_OTcHiEnK,0
ID_GYRcHOYo,0
ID_EqkeMLWS,0
ID_iUeUIXZM,0
ID_mGOLpIoE,0
ID_GwoDdZnr,0
ID_qOuLBzgl,0
ID_gzOZEksr,0
ID_iMhZmFns,0
ID_jGADcQne,0
ID_ZtQGPjkA,0
ID_aqhjMwnV,0
ID_aZFpXpPA,0
ID_BVixdsDf,0
ID_cSduPYYR,0
ID_DcmwbSpF,0
ID_vqupvNVT,0
ID_FWXPegqX,0
ID_oPLTMqit,0
ID_iBojkdeF,0
ID_fuwSgsSB,0
ID_VrwBnJLA,0
ID_VAqGeHUm,0
ID_wrIvLKVk,0
ID_LmrVfNuZ,0
ID_jkuLmbib,0
ID_KfpbTwuR,0
ID_MRgtmCeD,0
ID_eJpJZzoj,0
ID_JqVQfLOR,0
ID_svdCUWNM,0
ID_maHxAUrj,0
ID_glZTFNJf,0
ID_WBHfeSDY,0
ID_IJMqBDqo,0
ID_GKwLzKgy,0
ID_GngCDUHN,0
ID_MdKsoIHC,0
ID_yBiCuCqp,0
ID_RJytdlRU,0
ID_nXIjVrhy,0
ID_BjzRuprk,0
ID_EclMgyUS,0
ID_AcEmtLNf,0
ID_qTumZJuG,0
ID_mnWXryCN,0
ID_DyHSedWk,0
ID_nzCUgwKI,0
ID_rQcEDOqz,0
ID_OhTcDpdl,0
ID_qklGQnfO,0
ID_AgyQFeQn,0
ID_pfPSFcSL,0
ID_MyAxzbte,0
ID_UKfNRPRA,0
ID_WWeYdMfE,0
ID_FLeHlVUy,0
ID_zhnOomuu,0
ID_piZxambP,0
ID_QbzBdgMN,0
ID_vOEutmyB,0
ID_beZylagp,0
ID_NNzLdwDF,0
ID_hsHNhqWw,0
ID_JFsqEpxf,0
ID_rgjPjUJi,0
ID_msCwNErW,0
ID_kQAkQkYd,0
ID_efEfgKzW,0
ID_QNmNFRhL,0
ID_XPlOMmFW,0
ID_htipzLng,0
ID_wELWVzJT,0
ID_qHftBJKS,0
ID_efSzcmaq,0
ID_kafJTNBV,0
ID_fJpeCdHA,0
ID_ucaXQrMv,0
ID_FiNNPTxr,0
ID_GDtTRlPe,0
ID_sTAMrcDd,0
ID_HCmpjUVy,0
ID_vPDiRoDD,0
ID_frLAzzlY,0
ID_YhmxjqFW,0
ID_BHiycwhi,0
ID_yfISBTjE,0
ID_ICzddUex,0
ID_lkjZNmwo,0
ID_rgDYRbII,0
ID_HbGPApML,0
ID_xJeJBNxt,0
ID_JlGShLsr,0
ID_SzZkVkrs,0
ID_qgwDwsXW,0
ID_hsbFGmtW,0
ID_GINvEwFI,0
ID_XrEQVcDN,0
ID_OlMYVZHE,0
ID_pIjgTXQE,0
ID_CWcVYAQq,0
ID_rkAaKYoj,0
ID_AeOXSXRV,0
ID_chVAnIhJ,0
ID_JQoYyhyZ,0
ID_ZItrHGDM,0
ID_aEcMoGxq,0
ID_uIisDYtF,0
ID_hEEYhyha,0
ID_EpiExOuM,0
ID_OEucZWGC,0
ID_aOfQGIRO,0
ID_CNQztgFD,0
ID_RkiiZwAC,0
ID_NIriTIzW,0
ID_dVzQDWRr,0
ID_JsKlqGQU,0
ID_RYCUdYWM,0
ID_qFaSwbLt,0
ID_WfmIaZSt,0
ID_MlhNAhRm,0
ID_EKBLCilh,0
ID_iIjMKMRc,0
ID_mrAezJvz,0
ID_bxSSTKVw,0
ID_YdeglMpo,0
ID_zZEXtjvh,0
ID_AyKlcuII,0
ID_OSdWloXg,0
ID_fPhetAXQ,0
ID_ViBSsdnw,0
ID_QmpKiqEc,0
ID_bdgzMiJv,0
ID_AUKYBbIM,0
ID_RbLGzVAk,0
ID_DGvBfQpq,0
ID_ZWuiBPai,0
ID_hxRcQKLG,0
ID_JvrMXfUK,0
ID_fmWzbvhe,0
ID_zUmFzwBT,0
ID_yPLbZVkn,0
ID_HIvyXxtS,0
ID_LDAElJZF,0
ID_MmApcVMT,0
ID_KneGxuEg,0
ID_xOPvEpYq,0
ID_QxfDIqdn,0
ID_gggBcgSt,0
ID_kGfpruTz,0
ID_pAKwJwei,0
ID_HEwfEIXA,0
ID_yqUnIvav,0
ID_FzwxCoyj,0
ID_wCFZNHXe,0
ID_SDxfFUsy,0
ID_WRLCvEYf,0
ID_GCNHNGMZ,0
ID_SEQgejmW,0
ID_DkNZmjeX,0
ID_RNexxswi,0
ID_rdhYekQn,0
ID_otQVLfxq,0
ID_xatsHGtL,0
ID_aCTTSnJV,0
ID_PPnqWfuA,0
ID_jMGffZTX,0
ID_tVKoJeyj,0
ID_nyAesysa,0
ID_ZeRQSkYm,0
ID_wZwFHzTC,0
ID_ZHOOyVKY,0
ID_CJFckMlM,0
ID_scNLzXJv,0
ID_ShsGuVmx,0
ID_JVQjlQlp,0
ID_ylZzFewW,0
ID_wOzwFrCO,0
ID_JloZeVqT,0
ID_umjjRknq,0
ID_IwNnylGK,0
ID_ZFmLwcco,0
ID_sluGXbji,0
ID_PtjshlCW,0
ID_DvKpsrBg,0
ID_EifoVLgn,0
ID_NkAxOVtI,0
ID_zmWHvBJb,0
ID_bIWlbHVC,0
ID_QKhgBmRE,0
ID_KpkDNZxv,0
ID_IebaQyEh,0
ID_GTNvHbdi,0
ID_sbIFnYRi,0
ID_OSqLregQ,0
ID_ISZxvXAz,0
ID_zNisxgGw,0
ID_pOBxbmVT,0
ID_ILNMNDHU,0
ID_OWdnbMbA,0
ID_UNpzRUwY,0
ID_sCqabvWj,0
ID_nTnAitVP,0
ID_tFfiDEWd,0
ID_ZuSVRPGA,0
ID_HzqEklQM,0
ID_eCJzliVf,0
ID_xgsSIzNb,0
ID_rwOcqJoF,0
ID_QnUWzadP,0
ID_yLlttryD,0
ID_qPSOUOBY,0
ID_vrcLmgKc,0
ID_WQxmUyNV,0
ID_oLiOoGZT,0
ID_xLIFGqXt,0
ID_OEjosNoR,0
ID_gWypxzeL,0
ID_dZjXsMob,0
ID_LgnvOrZR,0
ID_KybCveaT,0
ID_WhkkOzQZ,0
ID_OVsEeYBt,0
ID_WmVIvpKr,0
ID_DbDMKQNq,0
ID_QOqMZwqK,0
ID_OHwFDyGr,0
ID_WzondryR,0
ID_OGHGylQI,0
ID_xeKzHcbE,0
ID_PEEqhFJr,0
ID_BjLvFnkh,0
ID_CANiWAeO,0
ID_rsdvpMil,0
ID_hkJRNBdG,0
ID_pcjOXdqH,0
ID_UdCMVMtC,0
ID_JJGWUIcP,0
ID_NKdAzWYo,0
ID_MpMKBVeg,0
ID_JUwBXyMo,0
ID_UXqRdKCC,0
ID_kllGikKe,0
ID_DaJlsiEY,0
ID_WkkXMhGB,0
ID_yKabBqjW,0
ID_REUrPtRf,0
ID_cEFMRawn,0
ID_MQHWugZx,0
ID_eTAeDJqT,0
ID_AtYxYHTe,0
ID_eaTqdPbI,0
ID_ErJPiypU,0
ID_UvDKOYne,0
ID_XgZHGzNj,0
ID_MwGRLEhB,0
ID_lHMwXkLK,0
ID_eZdcVolL,0
ID_IEeMEhtM,0
ID_HFqOBwfZ,0
ID_EArNhUda,0
ID_FcWUbnOa,0
ID_mAKzuREI,0
ID_jusWJbGn,0
ID_tjcAiuSC,0
ID_mtJAQpaJ,0
ID_ssCJOFsW,0
ID_lYTFJVVU,0
ID_MQGAKDDz,0
ID_kDfBKwSh,0
ID_WptnlaNE,0
ID_BRhpMuVP,0
ID_DfbhJMQN,0
ID_rgdmGEWz,0
ID_fTVMsJSG,0
ID_OabUIDAU,0
ID_rIkPdtZy,0
ID_EhxpVyRX,0
ID_fUGOfLoh,0
ID_CBpEoLgh,0
ID_dOAFLXgP,0
ID_iRRSzuRE,0
ID_yOQNyHjE,0
ID_NSYkdONa,0
ID_oOFBnFdh,0
ID_GzSQwTnY,0
ID_uxPzkAEu,0
ID_kChpRIzG,0
ID_sdCEjwuQ,0
ID_djvOzqFd,0
ID_MVVPXxjG,0
ID_wLzKfBrB,0
ID_sdDMZWhF,0
ID_UnGBdUES,0
ID_ZtjabGBK,0
ID_RgrOVXtV,0
ID_TdgomQuy,0
ID_NUzGufvF,0
ID_sSTjMIqJ,0
ID_mKaODodw,0
ID_BPKOFhQH,0
ID_xxYXdaqw,0
ID_nBcSHBRO,0
ID_xzHsFQMg,0
ID_ZVRLnJVp,0
ID_WdZkZlhp,0
ID_wGIUvHRj,0
ID_GPkkKBXb,0
ID_wUIixNLG,0
ID_CnBdfRNN,0
ID_ocHGDyah,0
ID_BCcZpVbb,0
ID_yiVknFsb,0
ID_MIveKKMt,0
ID_mrhOiQSn,0
ID_rOtYYSNZ,0
ID_bEoLYYGX,0
ID_LtHozHCB,0
ID_PGjOaWrd,0
ID_yTNYSlNX,0
ID_cgrjHlWM,0
ID_UbtGdjCc,0
ID_KOheitcn,0
ID_WsJANeZd,0
ID_bZleAkmX,0
ID_SvmhUqmE,0
ID_LUtKgGQn,0
ID_dTXiIwhg,0
ID_IYVHkPFc,0
ID_weaDFYvf,0
ID_zdpOUWyJ,0
ID_rfNFssik,0
ID_lUkdxrOl,0
ID_mTWJYvLi,0
ID_CgpwzAvx,0
ID_mOCtJtiq,0
ID_NqmTxrAa,0
ID_dbRCbVkn,0
ID_DZscLZlB,0
ID_nhzBeIzf,0
ID_pXqtKtzb,0
ID_HCVSORZe,0
ID_ixCVLknP,0
ID_TYxHKvny,0
ID_ZNUdqUBT,0
ID_OCFIzoSz,0
ID_BugZvzXU,0
ID_gNnORoJy,0
ID_XZLqOzJy,0
ID_ovMLiNyc,0
ID_EGPJuAtm,0
ID_dhHWslsu,0
ID_iAgaGHwE,0
ID_eMurEQxw,0
ID_JxoCnTZy,0
ID_WEnZGHPW,0
ID_mjniZWfY,0
ID_IuLQmPJX,0
ID_MpcVmaXz,0
ID_npVkKVxX,0
ID_svwkzBOi,0
ID_xDHFcJwA,0
ID_OfIKKuML,0
ID_JNFKBVSn,0
ID_NoDFSjzN,0
ID_rwlbHAne,0
ID_uoLJnghI,0
ID_ZLQGiOUu,0
ID_BbAkaXLa,0
ID_HvbvXgZS,0
ID_FjGUiTrs,0
ID_BDLxsYrM,0
ID_eVCGhPAn,0
ID_lAMEhYLJ,0
ID_MpgPQiuF,0
ID_fwJulVcU,0
ID_eQuoXYHR,0
ID_lPYiWTXw,0
ID_tqzFuBeq,0
ID_UuIHYMyj,0
ID_mlHYFmrJ,0
ID_WRrjKeev,0
ID_AjOcippL,0
ID_QLJnvhlV,0
ID_aWgTcIRK,0
ID_eRIJbvjx,0
ID_eROQZnRL,0
ID_nFaCyCzz,0
ID_lMJcbqWV,0
ID_nUeZEWcD,0
ID_HtNrYCGR,0
ID_WvowCxUx,0
ID_JCiClLlb,0
ID_vMdHCDxM,0
ID_XbBHIVeL,0
ID_BYTupytC,0
ID_pSPOPvZB,0
ID_hBiabWXV,0
ID_TdmTcwyd,0
ID_fXmkzAYe,0
ID_VZwNttAt,0
ID_SkRPoSoE,0
ID_jWbXIFhV,0
ID_vPtlcBcC,0
ID_vqiKShpI,0
ID_IRFdOXfH,0
ID_HYPhbdtX,0
ID_vOiLkjoQ,0
ID_zphjdFIb,0
ID_rvMwCicu,0
ID_WzGTciJE,0
ID_QeUNCuEs,0
ID_pqokbYlh,0
ID_eyAVetOA,0
ID_ZdjYmgYS,0
ID_wPNZsraS,0
ID_nwWsswqZ,0
ID_uAjkiWEM,0
ID_OSdqELEH,0
ID_bMpMazLm,0
ID_XECzcFUd,0
ID_MFbgYKgP,0
ID_zGoTzrga,0
ID_UugFtnUZ,0
ID_UcKskEJQ,0
ID_FbmxLBEg,0
ID_nLKyfYhG,0
ID_JIQRVdMI,0
ID_gQUKBvSd,0
ID_NbckcvSG,0
ID_BFjxDKzn,0
ID_DiKAsmSx,0
ID_WUGNNIho,0
ID_JxrMwzFM,0
ID_vaAVQglJ,0
ID_dqZNTDHZ,0
ID_qopAfEMo,0
ID_cccVBGHq,0
ID_gpwWjPsD,0
ID_vCYoSXHp,0
ID_jAVyECzv,0
ID_narjsJXf,0
ID_njtuboUz,0
ID_pYHUwiJY,0
ID_wInszHyR,0
ID_OOhqpUOq,0
ID_EhOshbTa,0
ID_cwIyimGc,0
ID_iobpMUaj,0
ID_hldteXlS,0
ID_MhXpTtdX,0
ID_DCyNgqHP,0
ID_CcPVDyLd,0
ID_MkwfktdW,0
ID_fwnlFMCa,0
ID_VjdwgUIQ,0
ID_IOaQZPeL,0
ID_ahkRRIqa,0
ID_YxkWkASG,0
ID_oIBqvjtQ,0
ID_elLSceTJ,0
ID_HquDBwrI,0
ID_Voggjdyn,0
ID_iTNHXzjj,0
ID_uXwztWFn,0
ID_hXrMYaWo,0
ID_HnRCdApd,0
ID_cXNrXsPl,0
ID_WIsqiMIA,0
ID_dXQrLBVZ,0
ID_txvYoPIj,0
ID_EHaCfpWj,0
ID_fMgSPhqc,0
ID_HwuMwNqg,0
ID_RSkvPSfT,0
ID_HUrfvnJD,0
ID_FOsQOmtB,0
ID_dlcQKKYZ,0
ID_dzNaTOqi,0
ID_KplkFCOe,0
ID_NvFCWqHe,0
ID_jfAJRaeP,0
ID_gdSGsoTn,0
ID_Hdwdogzt,0
ID_MxJKiHNr,0
ID_rniUkWzB,0
ID_CMBLAzAY,0
ID_hSmKRoTK,0
ID_HMLIkMGI,0
ID_fqvJPmqI,0
ID_nPJYbrvt,0
ID_fGEmVPhR,0
ID_NDYxFjoN,0
ID_stlmPpMa,0
ID_tunUmsSl,0
ID_dvTDLjST,0
ID_JmwTVEFc,0
ID_hXQNnZDV,0
ID_NCxrzLnc,0
ID_kLtrMnln,0
ID_jPBfsXEX,0
ID_aeskGsUx,0
ID_umEygTdl,0
ID_gXoNxZxq,0
ID_nmjEsPxW,0
ID_pVOYlegr,0
ID_YtgrITJx,0
ID_XhBhqCuL,0
ID_eHhCyJBJ,0
ID_FQfGsORO,0
ID_qSPwARVY,0
ID_NUpqNhYa,0
ID_IsJZmadN,0
ID_xbRPzvVh,0
ID_ztdtrNxt,0
ID_wnFvLhBU,0
ID_eoWzqYeA,0
ID_SqFiBheN,0
ID_nTTsgmEx,0
ID_dKMSTGdU,0
ID_wcXZqTdT,0
ID_tVfxqwwV,0
ID_IoknmxmI,0
ID_YfvuQVnu,0
ID_qDcGsRYH,0
ID_AjzKuqko,0
ID_twRjrvPw,0
ID_lUitoSgy,0
ID_AZnsVPEi,0
ID_PqWhwXkp,0
ID_wUCQIOvV,0
ID_VCqaBUWB,0
ID_cVAHPaJJ,0
ID_DHUJdPWn,0
ID_whKWZzoj,0
ID_BSyTynBa,0
ID_hlksDjgM,0
ID_xLCxooCQ,0
ID_YNBpMXQT,0
ID_lfKzquJV,0
ID_goBLpsZg,0
ID_LeDMjFpQ,0
ID_OwDYeiEH,0
ID_ADHEtjTi,0
ID_fUBTaMXV,0
ID_GOSxfZEC,0
ID_xwmQQjyu,0
ID_uelRAIMS,0
ID_sDfvscvw,0
ID_OyCTzBow,0
ID_esUSgdIC,0
ID_MrrPAezD,0
ID_JDLbygPA,0
ID_jAsEvVyG,0
ID_wlmfUEjb,0
ID_AHfJktdQ,0
ID_AUJIHpZr,0
ID_JhRAELrS,0
ID_QWVGFbvJ,0
ID_azbVcAzy,0
